﻿Index,Name,Type
1,Leech Life,Bug
2,Pin Missile,Bug
3,String Shot,Bug
4,Twineedle,Bug
1,Shadow Ball,Dark
2,Crunch,Dark
3,Night Slash,Dark
4,Bite,Dark
1,Dragon Breath,Dragon
2,Outrage,Dragon
3,Dragon Claw,Dragon
4,Draco Meteor,Dragon
1,Thunder,Electric
2,Thunder Punch,Electric
3,Thunder Shock,Electric
4,Thunderbolt,Electric
1,Double Kick,Fighting
2,Jump Kick,Fighting
3,Karate Chop,Fighting
4,Submission,Fighting
1,Ember,Fire
2,Fire Blast,Fire
3,Fire Punch,Fire
4,Flamethrower,Fire
1,Drill Peck,Flying
2,Fly,Flying
3,Sky Attack,Flying
4,Wing Attack,Flying
1,Night Shade,Ghost
2,Shadow Punch,Ghost
3,Phantom Force,Ghost
4,Lick,Ghost
1,Petal Dance,Grass
2,Razor Leaf,Grass
3,Solar Beam,Grass
4,Vine Whip,Grass
1,Bone Club,Ground
2,Bonemerang,Ground
3,Dig,Ground
4,Earthquake,Ground
1,Aurora Beam,Ice
2,Blizzard,Ice
3,Ice Beam,Ice
4,Ice Punch,Ice
1,Body Slam,Normal
2,Cut,Normal
3,Headbutt,Normal
4,Quick Attack,Normal
1,Acid,Poison
2,Poison Sting,Poison
3,Sludge,Poison
4,Smog,Poison
1,Confusion,Psychic
2,Dream Eater,Psychic
3,Psybeam,Psychic
4,Psychic,Psychic
1,Sandstorm,Rock
2,Headsmash,Rock
3,Rock Slide,Rock
4,Rock Throw,Rock
1,Gyro Ball,Steel
2,Iron Tail,Steel
3,Meteor Mash,Steel
4,Steel Beam,Steel
1,Hydro Pump,Water
2,Surf,Water
3,Water Gun,Water
4,Waterfall,Water